<doxygenlayout version="1.0">
  <!-- Generated by doxygen 1.8.9.1 -->
  <!-- Navigation index tabs for HTML output -->
  <navindex>
    <tab type="mainpage" visible="yes" title=""/>
    <tab type="user" title="Migration 1.9 to 2.0" url="@ref Migration_1_9_2_0"/>
    <tab type="user" title="AD theory and definitions" url="@ref AD_TheoryMathematicalDefinitions"/>
    <tab type="user" title="Active type definitions" url="@ref ActiveTypeList"/>
    <tab type="user" title="Active type overview" url="@ref ActiveTypeOverview"/>
    <tab type="usergroup" title="Features" url="@ref Features">
      <tab type="user" title="Expressions" url="@ref Expressions"/>
    </tab>
    <tab type="usergroup" title="Tutorials &amp; Examples" url="@ref TutorialsAndExamples">
      <tab type="user" title="Tutorial 1 - Forward mode AD" url="@ref Tutorial_01_Forward_mode_AD"/>
      <tab type="user" title="Tutorial 2 - Reverse mode AD" url="@ref Tutorial_02_Reverse_mode_AD"/>
      <tab type="user" title="Tutorial 3 - Full Jacobian computation" url="@ref Tutorial_03_Full_jacobian_computation"/>
      <tab type="user" title="Tutorial 4 - Vector mode AD" url="@ref Tutorial_04_Vector_mode_AD"/>
      <tab type="user" title="Tutorial 5 - Repeated tape recordings" url="@ref Tutorial_05_Repeated_tape_recordings"/>
      <tab type="user" title="Tutorial 6 - Higher order derivatives" url="@ref Tutorial_06_Higher_order_types_helper_acces"/>
      <tab type="user" title="Example 1 - Old tangent leftovers in forward mode AD" url="@ref Example_01_Old_tangent_leftovers_forward_mode"/>
      <tab type="user" title="Example 2 - Custom adjoint vector evaluation" url="@ref Example_02_Custom_adjoint_vector_evaluation"/>
      <tab type="user" title="Example 3 - Positional tape evaluations" url="@ref Example_03_Positional_tape_evaluations"/>
      <tab type="user" title="Example 4 - Higher order derivatives compile time access" url="@ref Example_04_Higher_order_types_helper_access_compile_time"/>
      <tab type="user" title="Example 5 - Higher order derivatives direct access" url="@ref Example_05_Higher_order_types_direct_access"/>
      <tab type="user" title="Example 6 - Forward mode tape evaluation" url="@ref Example_06_Forward_tape_evaluation"/>
      <tab type="user" title="Example 7 - Primal tape evaluation" url="@ref Example_07_Primal_tape_evaluation"/>
      <tab type="user" title="Example 8 - Generalized adjoint vector interface" url="@ref Example_08_Vector_helper_interface_access"/>
      <tab type="user" title="Example 9 - OpenMP reverse evaluation" url="@ref Example_09_OpenMP_reverse_evaluation"/>
      <tab type="user" title="Example 10 - External function helper" url="@ref Example_10_External_function_helper"/>
      <tab type="user" title="Example 11 - External function user data" url="@ref Example_11_External_function_user_data"/>
      <tab type="user" title="Example 12 - Manual statement creation" url="@ref Example_12_Manual_statement_creation"/>
      <tab type="user" title="Example 13 - MPI communication" url="@ref Example_13_MPI_communication"/>
      <tab type="user" title="Example 14 - ReferenceActiveType" url="@ref Example_14_ReferenceActiveType"/>
      <tab type="user" title="Example 15 - Preaccumulation of code parts" url="@ref Example_15_Preaccumulation_of_code_parts"/>
      <tab type="user" title="Example 16 - TapeHelper" url="@ref Example_16_TapeHelper"/>
      <tab type="user" title="Example 17 - EvaluationHelper" url="@ref Example_17_EvaluationHelper"/>
      <tab type="user" title="Example 18 - EvaluationHelper function object declaration" url="@ref Example_18_EvaluationHelper_function_objects"/>
      <tab type="user" title="Example 19 - EvaluationHelper handle creation" url="@ref Example_19_EvaluationHelper_handle_creation"/>
      <tab type="user" title="Example 20 - Aggregated active type handling" url="@ref Example_20_Aggregated_active_type_handling"/>
      <tab type="user" title="Example 21 - Special handling of linear system solvers" url="@ref Example_21_Special_handling_of_linear_system_solvers"/>
      <tab type="user" title="Example 22 - Event system" url="@ref Example_22_Event_system"/>
      <tab type="user" title="Example 23 - OpenMP parallel codes" url="@ref Example_23_OpenMP_Parallel_Codes"/>
      <tab type="user" title="Example 24 - Enzyme external function helper" url="@ref Example_24_Enzyme_external_function_helper"/>
    </tab>
    <tab type="user" title="Papers" url="@ref Papers"/>
    <tab type="user" title="Taping strategies" url="@ref TapingStrategy"/>
    <tab type="usergroup" title="Developer">
      <tab type="user" title="Coding guidelines" url="@ref CodingGuidelines"/>
      <tab type="user" title="Simple tape implementation" url="@ref Developer_Simple_Tape"/>
      <tab type="user" title="Tape interfaces" url="@ref TapeInterfaces"/>
      <tab type="user" title="Template declarations" url="@ref TemplateDeclaration"/>
    </tab>
    <!-- <tab type="pages" visible="yes" title="" intro=""/> -->
    <tab type="modules" visible="yes" title="" intro=""/>
    <tab type="namespaces" visible="yes" title="">
      <tab type="namespacelist" visible="yes" title="" intro=""/>
      <tab type="namespacemembers" visible="yes" title="" intro=""/>
    </tab>
    <tab type="classes" visible="yes" title="">
      <tab type="classlist" visible="yes" title="" intro=""/>
      <tab type="classindex" visible="$ALPHABETICAL_INDEX" title=""/>
      <tab type="hierarchy" visible="yes" title="" intro=""/>
      <tab type="classmembers" visible="yes" title="" intro=""/>
    </tab>
    <tab type="files" visible="yes" title="">
      <tab type="filelist" visible="yes" title="" intro=""/>
      <tab type="globals" visible="yes" title="" intro=""/>
    </tab>
    <tab type="examples" visible="yes" title="" intro=""/>
    <tab type="user" title="Changelog" url="@ref Changelog"/>
  </navindex>

  <!-- Layout definition for a class page -->
  <class>
    <briefdescription visible="yes"/>
    <includes visible="$SHOW_INCLUDE_FILES"/>
    <inheritancegraph visible="$CLASS_GRAPH"/>
    <collaborationgraph visible="$COLLABORATION_GRAPH"/>
    <memberdecl>
      <nestedclasses visible="yes" title=""/>
      <publictypes title=""/>
      <services title=""/>
      <interfaces title=""/>
      <publicslots title=""/>
      <signals title=""/>
      <publicmethods title=""/>
      <publicstaticmethods title=""/>
      <publicattributes title=""/>
      <publicstaticattributes title=""/>
      <protectedtypes title=""/>
      <protectedslots title=""/>
      <protectedmethods title=""/>
      <protectedstaticmethods title=""/>
      <protectedattributes title=""/>
      <protectedstaticattributes title=""/>
      <packagetypes title=""/>
      <packagemethods title=""/>
      <packagestaticmethods title=""/>
      <packageattributes title=""/>
      <packagestaticattributes title=""/>
      <properties title=""/>
      <events title=""/>
      <privatetypes title=""/>
      <privateslots title=""/>
      <privatemethods title=""/>
      <privatestaticmethods title=""/>
      <privateattributes title=""/>
      <privatestaticattributes title=""/>
      <friends title=""/>
      <related title="" subtitle=""/>
      <membergroups visible="yes"/>
    </memberdecl>
    <detaileddescription title=""/>
    <memberdef>
      <inlineclasses title=""/>
      <typedefs title=""/>
      <enums title=""/>
      <services title=""/>
      <interfaces title=""/>
      <constructors title=""/>
      <functions title=""/>
      <related title=""/>
      <variables title=""/>
      <properties title=""/>
      <events title=""/>
    </memberdef>
    <allmemberslink visible="yes"/>
    <usedfiles visible="$SHOW_USED_FILES"/>
    <authorsection visible="yes"/>
  </class>

  <!-- Layout definition for a namespace page -->
  <namespace>
    <briefdescription visible="yes"/>
    <memberdecl>
      <nestednamespaces visible="yes" title=""/>
      <constantgroups visible="yes" title=""/>
      <classes visible="yes" title=""/>
      <typedefs title=""/>
      <enums title=""/>
      <functions title=""/>
      <variables title=""/>
      <membergroups visible="yes"/>
    </memberdecl>
    <detaileddescription title=""/>
    <memberdef>
      <inlineclasses title=""/>
      <typedefs title=""/>
      <enums title=""/>
      <functions title=""/>
      <variables title=""/>
    </memberdef>
    <authorsection visible="yes"/>
  </namespace>

  <!-- Layout definition for a file page -->
  <file>
    <briefdescription visible="yes"/>
    <includes visible="$SHOW_INCLUDE_FILES"/>
    <includegraph visible="$INCLUDE_GRAPH"/>
    <includedbygraph visible="$INCLUDED_BY_GRAPH"/>
    <sourcelink visible="yes"/>
    <memberdecl>
      <classes visible="yes" title=""/>
      <namespaces visible="yes" title=""/>
      <constantgroups visible="yes" title=""/>
      <defines title=""/>
      <typedefs title=""/>
      <enums title=""/>
      <functions title=""/>
      <variables title=""/>
      <membergroups visible="yes"/>
    </memberdecl>
    <detaileddescription title=""/>
    <memberdef>
      <inlineclasses title=""/>
      <defines title=""/>
      <typedefs title=""/>
      <enums title=""/>
      <functions title=""/>
      <variables title=""/>
    </memberdef>
    <authorsection/>
  </file>

  <!-- Layout definition for a group page -->
  <group>
    <briefdescription visible="yes"/>
    <groupgraph visible="$GROUP_GRAPHS"/>
    <memberdecl>
      <nestedgroups visible="yes" title=""/>
      <dirs visible="yes" title=""/>
      <files visible="yes" title=""/>
      <namespaces visible="yes" title=""/>
      <classes visible="yes" title=""/>
      <defines title=""/>
      <typedefs title=""/>
      <enums title=""/>
      <enumvalues title=""/>
      <functions title=""/>
      <variables title=""/>
      <signals title=""/>
      <publicslots title=""/>
      <protectedslots title=""/>
      <privateslots title=""/>
      <events title=""/>
      <properties title=""/>
      <friends title=""/>
      <membergroups visible="yes"/>
    </memberdecl>
    <detaileddescription title=""/>
    <memberdef>
      <pagedocs/>
      <inlineclasses title=""/>
      <defines title=""/>
      <typedefs title=""/>
      <enums title=""/>
      <enumvalues title=""/>
      <functions title=""/>
      <variables title=""/>
      <signals title=""/>
      <publicslots title=""/>
      <protectedslots title=""/>
      <privateslots title=""/>
      <events title=""/>
      <properties title=""/>
      <friends title=""/>
    </memberdef>
    <authorsection visible="yes"/>
  </group>

  <!-- Layout definition for a directory page -->
  <directory>
    <briefdescription visible="yes"/>
    <directorygraph visible="yes"/>
    <memberdecl>
      <dirs visible="yes"/>
      <files visible="yes"/>
    </memberdecl>
    <detaileddescription title=""/>
  </directory>
</doxygenlayout>
